"Season","TeamName","Tempo","RankTempo","AdjTempo","RankAdjTempo","OE","RankOE","AdjOE","RankAdjOE","DE","RankDE","AdjDE","RankAdjDE","AdjEM","RankAdjEM"
"2026","Abilene Christian",68.2408,215,66.0179,245,98.5792,327,101.549,300,108.703,199,109.835,183,-8.28629,260
"2026","Air Force",66.9284,260,65.1741,290,91.1623,362,95.0544,357,115.981,320,113.972,276,-18.9178,345
"2026","Akron",71.7964,44,70.539,33,123.096,8,120.484,43,105.258,113,106.515,122,13.9692,52
"2026","Alabama",75.6415,3,73.4203,4,121.197,18,127.717,3,109.821,229,103.289,71,24.4272,22
"2026","Alabama A&M",68.1322,221,65.8154,257,102.396,283,101.441,304,108.885,210,113.974,277,-12.5327,304
"2026","Alabama St.",72.1274,35,69.8489,58,99.9422,315,101.487,301,112.862,279,115.245,297,-13.7574,312
"2026","Albany",66.2167,297,65.5007,274,102.532,277,102.121,291,113.678,292,115.944,306,-13.8234,314
"2026","Alcorn St.",70.1143,116,67.5848,168,94.2001,354,98.2668,344,119.559,356,117.764,332,-19.497,349
"2026","American",67.3392,243,67.0898,193,106.036,219,103.951,264,108.093,181,110.369,203,-6.41763,238
"2026","Appalachian St.",63.6175,360,62.4999,360,106.352,213,105.333,242,103.088,74,106.57,123,-1.23722,179
"2026","Arizona",73.1858,18,71.0787,25,122.034,13,126.723,4,93.3972,6,90.4625,2,36.2607,2
"2026","Arizona St.",71.287,63,69.3532,80,110.57,128,117.398,64,111.133,254,106.162,113,11.236,72
"2026","Arkansas",72.6307,29,70.8618,27,122.207,11,125.73,10,107.211,157,102.72,66,23.0096,25
"2026","Arkansas Pine Bluff",72.6937,28,69.7935,61,100.42,309,102.953,284,116.392,329,115.542,305,-12.5885,305
"2026","Arkansas St.",72.2698,33,71.4669,19,108.497,177,109.758,155,108.853,207,110.469,208,-0.710715,172
"2026","Army",67.1652,251,66.4162,228,103.858,257,101.946,296,116.272,327,119.122,343,-17.1765,340
"2026","Auburn",69.684,136,67.3973,176,119.524,26,125.093,12,110.108,234,103.092,69,22.0012,27
"2026","Austin Peay",70.6513,87,69.3475,82,108.829,166,106.198,226,102.758,68,105.863,108,0.335069,159
"2026","Ball St.",65.3688,325,63.5352,345,98.3241,332,99.3243,333,111.647,259,113.706,271,-14.3817,321
"2026","Baylor",70.3012,104,68.1166,137,116.184,61,121.378,35,107.81,169,105.067,93,16.3108,47
"2026","Bellarmine",66.4071,290,64.4113,321,116.721,56,114.252,88,123.886,363,123.863,363,-9.6103,276
"2026","Belmont",70.3625,100,68.894,100,118.501,36,120.396,45,103.019,72,107.143,129,13.2533,59
"2026","Bethune Cookman",70.888,80,68.6106,114,102.398,282,104.549,253,109.748,228,109.044,164,-4.49483,219
"2026","Binghamton",65.1929,333,65.2555,287,97.1611,340,95.6537,355,115.961,319,121.994,359,-26.3399,362
"2026","Boise St.",67.5632,236,66.4917,223,111.505,112,115.707,75,104.78,103,102.358,61,13.3493,57
"2026","Boston College",65.9601,309,65.5216,272,99.55,319,103.374,279,101.195,53,101.133,50,2.24039,141
"2026","Boston University",63.898,355,63.2643,349,111.807,109,110.053,149,116.231,325,121.145,355,-11.0927,293
"2026","Bowling Green",69.9998,120,67.9224,149,111.141,115,109.089,168,100.987,50,105.349,99,3.73927,123
"2026","Bradley",68.6199,197,67.6011,165,110.415,133,111.255,133,105.408,115,108.695,158,2.55958,139
"2026","Brown",66.2464,295,65.7668,261,97.5198,339,97.077,348,104.158,88,107.14,128,-10.0627,282
"2026","Bryant",64.7216,339,64.0495,329,94.2376,352,97.0284,349,111.107,252,116.798,317,-19.7694,351
"2026","Bucknell",66.7404,272,65.9212,251,99.9807,314,100.304,320,113.069,283,114.592,285,-14.2881,319
"2026","Buffalo",67.7878,229,66.3302,235,116.079,62,113.719,97,112.018,267,115.058,294,-1.33965,182
"2026","Butler",70.5945,88,68.5742,116,113.76,81,117.341,65,107.96,176,106.177,114,11.1637,74
"2026","BYU",71.5165,52,70.2721,45,121.242,17,125.614,11,102.204,59,100.439,42,25.1746,18
"2026","Cal Baptist",67.4633,239,65.1499,291,106.747,205,108.037,192,100.642,45,104.105,79,3.93188,121
"2026","Cal Poly",76.1909,1,73.5385,2,105.754,222,108.17,191,114.442,306,114.969,292,-6.79875,245
"2026","Cal St. Bakersfield",71.5545,51,69.6315,70,99.024,324,101.317,306,113.199,286,115.411,302,-14.0931,318
"2026","Cal St. Fullerton",75.9875,2,73.4726,3,105.37,233,107.09,209,109.901,231,108.683,157,-1.59281,184
"2026","California",69.2068,162,67.0857,194,112.675,94,115.308,77,102.977,70,102.317,59,12.991,60
"2026","Campbell",71.017,75,70.4568,36,107.755,184,110.919,138,114.8,308,113.912,273,-2.99292,206
"2026","Canisius",64.3046,351,64.1905,326,95.9877,346,95.6886,353,111.922,264,114.747,287,-19.058,347
"2026","Central Arkansas",69.4206,147,68.0856,141,110.309,136,108.219,189,107.616,165,109.499,175,-1.27942,180
"2026","Central Connecticut",65.3596,327,64.6396,315,107.257,191,105.282,244,110.658,243,116.828,318,-11.5458,296
"2026","Central Michigan",68.6726,192,66.7977,210,102.922,271,104.467,254,116.004,321,115.396,301,-10.9286,291
"2026","Charleston",69.2899,154,68.029,143,110.248,137,108.588,178,107.977,177,108.482,150,0.105689,163
"2026","Charleston Southern",73.4765,17,71.4258,21,105.493,231,103.563,277,106.367,136,110.182,192,-6.6186,244
"2026","Charlotte",63.84,358,63.226,353,113.171,87,113.42,105,112.128,270,113.512,269,-0.0916219,164
"2026","Chattanooga",67.4399,241,66.368,232,106.218,217,103.799,269,114.255,304,114.082,278,-10.2828,283
"2026","Chicago St.",66.9869,257,66.3845,229,96.1092,345,97.9489,347,118.636,346,119.904,349,-21.9552,356
"2026","Cincinnati",69.9527,125,68.0211,144,100.803,306,106.269,224,96.5112,14,94.0975,10,12.1713,64
"2026","Clemson",65.8374,311,64.0607,328,114.086,78,116.694,69,96.704,17,96.0135,15,20.6808,32
"2026","Cleveland St.",71.1667,69,68.9324,98,111.314,113,110.909,139,123.536,362,121.988,358,-11.0796,292
"2026","Coastal Carolina",68.6699,193,67.0729,195,101.757,295,102.424,288,104.41,96,108.729,159,-6.30454,236
"2026","Colgate",66.8629,261,66.4495,226,109.981,145,108.481,179,110.202,236,112.265,244,-3.78421,214
"2026","Colorado",69.9594,124,68.6994,110,115.591,66,119.166,53,111.608,258,108.299,147,10.8675,77
"2026","Colorado St.",63.6786,359,61.333,365,116.402,60,118.364,59,112.776,276,110.676,217,7.68794,96
"2026","Columbia",67.8779,225,67.226,185,112.052,101,109.725,156,108.49,190,110.742,219,-1.01702,176
"2026","Connecticut",66.8425,264,64.8476,311,117.511,48,122.326,25,94.3838,9,91.7033,5,30.6228,8
"2026","Coppin St.",69.756,131,68.6213,113,91.7643,361,93.6628,360,122.565,361,125.062,364,-31.3988,364
"2026","Cornell",72.9157,22,72.4871,10,119.155,31,119.441,52,119.22,351,120.458,352,-1.01687,175
"2026","Creighton",68.4028,211,66.6865,215,111.646,110,117.296,66,109.97,233,106.349,119,10.9463,75
"2026","CSUN",75.5619,4,73.6721,1,106.704,206,108.263,186,108.798,203,110.188,194,-1.9251,190
"2026","Dartmouth",69.2167,159,69.4316,77,106.888,199,106.673,217,110.805,247,112.156,243,-5.48286,227
"2026","Davidson",64.3888,349,63.6242,342,109.305,158,112.1,117,106.53,141,105.809,107,6.29114,107
"2026","Dayton",69.0088,172,67.6829,162,109.076,160,110.109,148,100.796,46,101.787,55,8.32163,90
"2026","Delaware",63.8947,356,63.0477,355,101.542,296,102.089,294,110.982,249,113.003,260,-10.9139,290
"2026","Delaware St.",67.3239,244,66.77,211,87.9268,364,90.2677,364,106.149,129,112.437,248,-22.1698,357
"2026","Denver",70.1523,113,68.5133,118,114.212,76,114.229,90,121.79,359,121.896,357,-7.66701,255
"2026","DePaul",68.1435,219,66.2521,236,105.066,237,108.216,190,102.094,56,101.667,54,6.54839,103
"2026","Detroit Mercy",70.7525,84,68.7236,107,108.563,175,107.676,198,114.982,310,115.074,295,-7.39731,252
"2026","Drake",68.4116,208,66.8137,208,110.417,132,110.304,144,110.341,238,111.498,233,-1.19381,178
"2026","Drexel",65.0011,337,63.4973,346,102.774,273,102.103,293,102.26,62,107.324,130,-5.22126,225
"2026","Duke",68.7483,189,65.9225,250,122.234,10,126.508,5,92.588,2,90.8707,3,35.6373,3
"2026","Duquesne",71.0609,72,70.1513,51,111.092,116,111.547,130,106.318,131,106.21,115,5.33772,114
"2026","East Carolina",69.2222,158,68.5261,117,98.6097,326,100.75,314,109.918,232,109.31,170,-8.55931,262
"2026","East Tennessee St.",66.7004,277,65.8308,255,115.548,67,111.629,127,102.997,71,108.287,146,3.34178,125
"2026","East Texas A&M",69.9938,122,69.0002,95,97.8555,335,100.053,325,110.557,241,110.656,216,-10.6026,288
"2026","Eastern Illinois",66.6212,284,65.2603,286,94.178,355,95.6769,354,108.833,206,110.236,196,-14.5594,323
"2026","Eastern Kentucky",69.1835,165,67.3949,177,109.345,156,109.164,166,117.175,334,117.921,334,-8.75771,265
"2026","Eastern Michigan",68.4074,209,65.748,263,102.132,289,103.293,281,106.643,144,107.532,131,-4.23849,215
"2026","Eastern Washington",69.5126,142,67.8549,152,107.988,181,110.048,150,116.086,323,114.832,288,-4.78377,222
"2026","Elon",68.804,185,67.1643,189,115.267,69,113.662,99,114.235,303,115.328,299,-1.6653,187
"2026","Evansville",67.9745,224,67.3199,181,95.3783,347,100.153,323,112.725,275,112.487,250,-12.3335,300
"2026","Fairfield",67.2317,249,66.8291,207,109.99,144,107.55,203,109.084,218,116.118,307,-8.5673,263
"2026","Fairleigh Dickinson",65.5687,322,65.1041,294,100.734,307,101.735,297,112.908,281,117.646,327,-15.9111,332
"2026","FIU",72.7518,25,72.6575,9,107.294,190,107.808,195,109.364,223,109.629,178,-1.82015,189
"2026","Florida",72.4614,30,69.8645,57,119.155,32,124.44,13,98.4645,25,93.1756,7,31.2648,7
"2026","Florida A&M",70.2373,107,67.4554,173,96.5123,343,98.1566,345,109.054,217,113.054,261,-14.8978,325
"2026","Florida Atlantic",71.4953,53,70.2916,42,110.65,124,112.074,119,106.319,132,106.124,112,5.9506,108
"2026","Florida Gulf Coast",70.0141,119,67.7494,157,110.024,141,108.614,177,113.108,284,113.268,268,-4.65419,220
"2026","Florida St.",73.9386,12,71.426,20,109.345,157,113.697,98,107.769,168,106.025,109,7.67188,97
"2026","Fordham",64.7113,340,63.9772,331,104.908,241,104.594,252,102.221,61,105.276,96,-0.68166,171
"2026","Fresno St.",70.5101,94,68.4428,123,103.195,269,106.614,220,102.596,67,103.689,73,2.92567,133
"2026","Furman",67.0702,253,66.3436,234,110.632,127,107.736,197,106.788,149,108.782,161,-1.04684,177
"2026","Gardner Webb",71.1815,65,69.707,67,90.9525,363,95.2713,356,124.762,364,123.519,362,-28.2478,363
"2026","George Mason",65.8364,312,64.3443,322,114.986,70,114.295,86,102.153,57,104.365,81,9.93052,80
"2026","George Washington",71.1733,67,69.8069,59,116.879,54,117.925,62,105.223,110,108.193,143,9.73185,83
"2026","Georgetown",67.3162,245,65.9341,249,110.34,134,114.237,89,106.531,142,104.491,83,9.74516,82
"2026","Georgia",75.4575,6,73.1446,6,119.465,27,120.872,41,101.02,51,102.278,57,18.5939,42
"2026","Georgia Southern",71.9153,42,70.3518,39,108.882,164,107.182,206,110.201,235,116.436,313,-9.25372,272
"2026","Georgia St.",68.9114,177,67.6295,163,99.1449,323,101.365,305,108.463,189,111.143,226,-9.77833,279
"2026","Georgia Tech",71.958,40,70.8006,28,103.697,262,108.296,183,103.483,80,105.304,98,2.99255,130
"2026","Gonzaga",72.3955,32,69.7964,60,120.758,22,121.942,28,92.4854,1,94.8778,13,27.0641,14
"2026","Grambling St.",69.1125,167,66.7244,213,101.282,301,101.201,311,106.114,128,110.082,191,-8.88133,267
"2026","Grand Canyon",69.0607,168,67.7308,158,107.652,185,109.886,153,97.4403,20,97.4723,20,12.4139,63
"2026","Green Bay",65.1109,334,63.0276,356,112.594,95,112.077,118,119.094,349,117.672,328,-5.59511,229
"2026","Hampton",65.3536,328,64.839,312,101.396,299,102.154,289,105.98,123,110.044,188,-7.89037,258
"2026","Harvard",64.2283,352,62.9298,357,109.911,146,109.258,165,107.249,159,109.525,176,-0.267116,166
"2026","Hawaii",72.0101,38,69.5036,75,109.622,150,107.578,201,93.1199,3,99.6241,34,7.95349,94
"2026","High Point",70.1418,115,68.7934,104,122.082,12,118.599,57,101.071,52,110.445,205,8.15417,92
"2026","Hofstra",66.3319,293,65.1318,293,113.237,86,114.282,87,107.005,154,108.492,152,5.79023,110
"2026","Holy Cross",65.5858,321,64.9077,308,101.044,303,100.723,315,113.897,299,116.629,314,-15.9057,331
"2026","Houston",65.0072,336,63.3243,348,120.688,23,125.79,8,93.6776,7,93.59,9,32.1999,6
"2026","Houston Christian",64.3946,348,63.9003,333,105.361,234,106.079,228,116.246,326,118.566,337,-12.487,303
"2026","Howard",69.0105,171,68.509,120,102.02,291,100.054,324,100.222,38,107.673,132,-7.61945,254
"2026","Idaho",69.495,143,67.6105,164,109.273,159,108.369,180,108.961,215,109.911,185,-1.5421,183
"2026","Idaho St.",66.1833,299,63.8751,334,110.803,120,111.317,131,115.715,317,116.779,316,-5.4617,226
"2026","Illinois",66.7375,273,65.6832,266,126.761,1,130.683,1,100.839,48,97.4061,19,33.2771,5
"2026","Illinois Chicago",67.4306,242,66.2503,237,106.87,201,108.972,170,104.788,104,105.771,106,3.20057,127
"2026","Illinois St.",68.2248,216,66.3763,230,110.103,140,110.381,142,98.2603,23,101.243,51,9.13817,85
"2026","Incarnate Word",66.8288,266,66.9482,199,106.492,209,107.619,200,113.232,287,114.88,289,-7.2609,249
"2026","Indiana",68.3817,212,67.0126,197,117.327,50,121.059,40,103.025,73,100.847,46,20.2123,35
"2026","Indiana St.",68.796,186,68.4669,122,104.19,254,106.675,216,106.74,148,109.467,174,-2.79134,202
"2026","Iona",69.4451,145,69.307,86,104.902,242,103.441,278,104.282,92,109.442,173,-6.00087,233
"2026","Iowa",64.196,353,63.472,347,121.821,16,123.31,20,99.0766,30,97.5382,21,25.7715,15
"2026","Iowa St.",69.4023,148,67.3752,179,124.246,3,126.149,6,93.7186,8,92.5618,6,33.5871,4
"2026","IU Indy",75.191,7,73.3148,5,106.765,204,105.863,233,119.291,354,120.163,351,-14.3006,320
"2026","Jackson St.",71.5682,49,69.7841,62,94.1717,356,99.7666,329,120.139,357,117.608,325,-17.8414,342
"2026","Jacksonville",65.4804,324,63.2498,352,102.257,288,101.257,307,113.934,300,113.081,263,-11.8248,297
"2026","Jacksonville St.",66.1112,307,64.9991,303,104.362,247,105.044,247,105.658,117,108.002,141,-2.95788,205
"2026","James Madison",67.0096,255,65.3831,279,110.019,142,109.558,158,112.805,277,115.468,303,-5.91045,232
"2026","Kansas",67.7447,230,66.9307,200,113.998,79,121.606,33,98.4828,26,93.5505,8,28.0554,11
"2026","Kansas City",71.4407,56,69.0887,90,94.9058,348,94.4322,359,117.271,335,115.344,300,-20.9122,353
"2026","Kansas St.",73.6165,15,71.4214,22,110.79,121,114.41,84,109.218,220,106.121,111,8.2895,91
"2026","Kennesaw St.",73.6167,14,72.1174,15,110.312,135,110.296,145,106.811,151,109.407,172,0.888475,153
"2026","Kent St.",72.9629,21,70.5203,34,112.033,102,111.237,134,109.532,224,108.657,156,2.58015,138
"2026","Kentucky",69.2071,161,67.2921,182,118.347,40,121.127,39,103.293,76,99.6753,35,21.4518,31
"2026","La Salle",65.6239,318,64.6302,316,100.131,313,103.942,265,111.656,260,110.529,210,-6.58623,243
"2026","Lafayette",67.1416,252,66.9142,201,101.829,292,101.019,312,112.099,269,114.955,291,-13.9367,315
"2026","Lamar",65.8098,313,64.9061,309,106.297,214,106.636,219,105.244,112,108.792,162,-2.15627,193
"2026","Le Moyne",68.9842,174,68.8339,102,105.498,230,103.808,268,108.52,193,114.378,283,-10.5696,287
"2026","Lehigh",66.9473,259,66.8646,203,101.812,293,100.587,319,108.4,187,112.958,259,-12.3709,301
"2026","Liberty",64.5465,344,63.5973,343,117.754,46,118.734,55,106.683,145,109.723,180,9.01105,86
"2026","Lindenwood",73.5625,16,72.6916,8,102.695,274,102.884,286,103.351,77,109.213,169,-6.32902,237
"2026","Lipscomb",71.4726,54,69.7807,63,110.436,131,109.266,164,108.556,195,109.636,179,-0.370241,168
"2026","Little Rock",67.5608,237,65.8381,254,101.245,302,102.864,287,111.969,265,115.251,298,-12.3869,302
"2026","LIU",69.271,155,68.1753,133,107.06,195,106.237,225,105.223,111,108.961,163,-2.72406,200
"2026","Long Beach St.",69.7701,129,67.8446,154,102.837,272,106.708,215,111.315,256,112.476,249,-5.76791,231
"2026","Longwood",68.9753,175,67.7706,156,105.517,228,102.888,285,107.169,156,112.689,253,-9.80059,280
"2026","Louisiana",63.0422,365,62.0168,363,97.7078,336,98.7853,338,108.449,188,112.038,239,-13.253,310
"2026","Louisiana Monroe",71.1807,66,70.7347,30,98.3262,331,99.0343,337,116.978,332,119.662,346,-20.6278,352
"2026","Louisiana Tech",63.5998,361,63.116,354,100.931,305,101.237,308,104.843,105,108.192,142,-6.95488,247
"2026","Louisville",71.5665,50,70.0569,55,119.454,28,123.912,16,98.4959,28,98.8963,28,25.0158,19
"2026","Loyola Chicago",66.2078,298,65.9814,248,102.285,287,104.002,262,116.784,331,117.077,320,-13.0751,308
"2026","Loyola Marymount",69.1769,166,67.726,160,103.335,264,105.293,243,104.747,101,104.659,86,0.634254,155
"2026","Loyola MD",68.5794,200,68.1025,139,105.11,236,103.972,263,113.151,285,118.849,340,-14.8774,324
"2026","LSU",69.1948,163,66.649,218,118.303,41,120.75,42,106.549,143,104.836,90,15.9139,48
"2026","Maine",64.5951,343,64.2029,325,94.3852,350,93.2147,361,106.804,150,111.932,236,-18.7172,343
"2026","Manhattan",68.4719,205,67.8499,153,105.589,225,105.663,236,117.467,336,122.219,360,-16.5564,335
"2026","Marist",66.7931,269,66.2164,240,104.802,244,101.213,309,93.3543,5,100.723,44,0.489729,157
"2026","Marquette",70.4835,95,69.031,94,105.973,221,111.758,123,108.899,212,106.26,117,5.49808,113
"2026","Marshall",70.442,96,68.7632,105,112.479,99,110.338,143,106.734,147,110.459,207,-0.120835,165
"2026","Maryland",68.8276,183,67.0716,196,103.693,263,109.718,157,115.577,315,108.379,148,1.33974,149
"2026","Maryland Eastern Shore",64.6537,341,62.8841,358,93.2965,359,95.9464,352,108.893,211,113.089,264,-17.1428,339
"2026","Massachusetts",72.0101,37,70.7441,29,110.002,143,108.33,182,105.773,119,109.929,186,-1.59918,186
"2026","McNeese",67.0196,254,66.0873,243,114.899,72,115.805,73,102.285,63,104.094,78,11.7113,70
"2026","Memphis",71.4162,58,69.6691,69,104.388,246,107.155,207,102.354,64,99.6913,36,7.46415,99
"2026","Mercer",70.7202,86,70.1879,49,116.408,59,113.54,103,111.273,255,112.118,242,1.42196,148
"2026","Mercyhurst",63.9109,354,63.6763,341,102.444,279,100.667,316,105.21,109,111.983,237,-11.3163,294
"2026","Merrimack",64.7276,338,63.7564,337,105.518,227,105.897,232,106.067,126,108.494,153,-2.59714,199
"2026","Miami FL",70.7466,85,68.5106,119,119.44,29,119.69,49,99.3477,32,100.966,48,18.7236,41
"2026","Miami OH",71.4119,59,70.2637,47,120.878,20,116.911,67,103.767,83,108.259,144,8.65236,89
"2026","Michigan",73.833,13,72.4824,11,123.097,7,125.991,7,93.2758,4,89.5029,1,36.4876,1
"2026","Michigan St.",67.2447,248,65.737,264,116.546,57,120.134,47,95.7606,10,91.0508,4,29.083,10
"2026","Middle Tennessee",66.3865,291,64.9006,310,104.276,250,106.279,222,108.213,182,107.875,135,-1.59629,185
"2026","Milwaukee",69.5167,141,67.7273,159,107.411,188,105.813,235,115.699,316,114.943,290,-9.12977,269
"2026","Minnesota",64.4557,347,63.2617,350,109.792,148,113.584,101,105.69,118,102.713,65,10.8713,76
"2026","Mississippi",67.3083,246,64.9941,304,109.57,153,114.7,82,106.088,127,102.663,64,12.0369,66
"2026","Mississippi St.",71.1707,68,68.8221,103,107.512,186,112.327,116,107.671,166,102.662,63,9.66451,84
"2026","Mississippi Valley St.",70.3862,99,66.5035,222,87.2894,365,88.0477,365,121.761,358,120.998,354,-32.9505,365
"2026","Missouri",69.0382,170,66.447,227,115.62,65,118.106,60,107.112,155,104.74,88,13.3656,56
"2026","Missouri St.",66.5966,286,65.0134,301,107.113,194,107.755,196,108.329,185,110.483,209,-2.72798,201
"2026","Monmouth",67.1928,250,66.3689,231,103.311,265,103.257,282,104.487,97,107.717,134,-4.46001,218
"2026","Montana",71.0569,73,69.1208,89,108.587,174,108.252,187,108.698,198,107.942,138,0.310169,160
"2026","Montana St.",67.6277,234,65.8204,256,109.796,147,109.104,167,107.945,175,107.924,137,1.18014,151
"2026","Morehead St.",67.8279,228,65.6675,267,104.662,245,105.441,240,114.023,301,117.634,326,-12.1929,299
"2026","Morgan St.",70.5737,91,70.2771,43,98.328,330,99.2926,334,116.007,322,121.212,356,-21.9194,355
"2026","Mount St. Mary's",68.4951,203,67.9995,146,97.9683,334,98.5225,340,107.222,158,111.303,230,-12.7807,306
"2026","Murray St.",73.0417,19,72.0937,16,117.891,44,118.031,61,108.031,179,110.539,211,7.49236,98
"2026","N.C. State",70.1463,114,68.9254,99,121.005,19,123.492,19,102.368,65,100.025,40,23.4671,23
"2026","Navy",65.6234,319,65.2605,285,109.363,155,104.321,255,97.747,21,104.678,87,-0.356545,167
"2026","Nebraska",68.3358,214,66.6572,217,117.141,52,122.402,24,96.6489,16,94.505,11,27.8975,12
"2026","Nebraska Omaha",68.8907,180,67.0976,191,106.512,208,105.423,241,111.977,266,113.125,266,-7.70225,256
"2026","Nevada",66.247,294,65.2374,289,115.375,68,118.798,54,106.355,134,105.488,102,13.3105,58
"2026","New Hampshire",67.6816,232,67.4221,174,96.9977,341,98.4249,342,109.348,222,112.869,257,-14.4445,322
"2026","New Haven",63.375,364,62.6904,359,93.9488,357,96.1073,351,107.941,174,112.662,252,-16.5546,334
"2026","New Mexico",71.0528,74,70.0636,54,113.364,83,115.756,74,98.4844,27,99.1996,32,16.5565,46
"2026","New Mexico St.",66.8553,262,66.131,242,110.112,139,110.538,140,108.803,204,111.086,223,-0.548258,170
"2026","New Orleans",70.1651,112,69.3953,79,106.936,198,111.673,125,113.683,293,114.235,282,-2.56122,198
"2026","Niagara",63.392,363,62.1509,361,98.6297,325,98.3213,343,113.677,291,117.241,322,-18.9199,346
"2026","Nicholls",69.4216,146,68.475,121,103.207,268,104.725,251,110.618,242,111.161,227,-6.43611,240
"2026","NJIT",68.9946,173,68.2906,129,98.3392,329,99.1898,335,108.903,213,112.384,246,-13.1941,309
"2026","Norfolk St.",69.2125,160,67.9785,147,99.2329,322,99.8176,327,107.882,173,113.887,272,-14.0689,317
"2026","North Alabama",66.1251,304,65.5263,271,102.331,285,101.466,302,117.778,340,118.198,335,-16.7327,336
"2026","North Carolina",69.7727,128,68.0956,140,119,33,123.509,18,101.551,54,101.896,56,21.6137,30
"2026","North Carolina A&T",69.2992,152,69.0826,91,105.145,235,103.768,270,110.442,239,114.11,280,-10.3411,285
"2026","North Carolina Central",67.6844,231,66.0174,246,97.9899,333,100.201,322,119.276,353,118.937,341,-18.7364,344
"2026","North Dakota",69.7238,133,67.3682,180,106.142,218,107.101,208,113.378,289,116.344,309,-9.24296,271
"2026","North Dakota St.",68.022,223,65.7893,260,113.317,84,111.059,137,104.299,93,108.271,145,2.7877,135
"2026","North Florida",72.8744,23,70.6994,31,107.772,183,109.837,154,126.362,365,126.927,365,-17.0895,337
"2026","North Texas",66.1467,301,64.6141,318,100.499,308,101.568,299,100.477,41,100.914,47,0.653875,154
"2026","Northeastern",69.923,126,69.7575,66,108.682,171,108.933,172,115.8,318,116.892,319,-7.95905,259
"2026","Northern Arizona",66.1357,303,64.0181,330,104.887,243,106.069,230,118.062,342,118.988,342,-12.9186,307
"2026","Northern Colorado",69.9605,123,68.2845,130,113.435,82,112.009,120,111.83,263,112.407,247,-0.397484,169
"2026","Northern Illinois",69.3329,151,67.1623,190,99.2826,321,100.652,318,112.055,268,112.694,254,-12.0427,298
"2026","Northern Iowa",63.4477,362,61.7233,364,102.325,286,104.168,258,96.1477,13,98.3056,23,5.86215,109
"2026","Northern Kentucky",70.878,81,70.0786,52,112.541,96,108.293,184,110.303,237,110.349,202,-2.05593,192
"2026","Northwestern",66.6542,281,65.7896,259,111.966,103,116.698,68,108.512,192,104.955,91,11.743,69
"2026","Northwestern St.",66.1245,306,65.0822,296,103.245,266,105.927,231,116.176,324,116.407,312,-10.4797,286
"2026","Notre Dame",66.1444,302,65.136,292,109.048,161,113.839,96,107.278,160,103.981,75,9.85789,81
"2026","Oakland",71.7698,46,70.4571,35,114.305,75,116,71,115.566,314,112.926,258,3.07339,129
"2026","Ohio",70.9754,76,69.4795,76,106.945,197,107.458,204,110.797,246,111.187,229,-3.72964,213
"2026","Ohio St.",67.4635,238,66.5652,221,119.626,25,122.831,22,106.365,135,103.661,72,19.1701,38
"2026","Oklahoma",69.4681,144,66.8714,202,118.477,37,119.651,50,110.516,240,107.991,140,11.6602,71
"2026","Oklahoma St.",75.5307,5,72.3411,13,114.344,73,118.72,56,106.868,153,104.824,89,13.8955,54
"2026","Old Dominion",70.3075,102,68.838,101,103.245,267,103.606,276,110.827,248,112.071,240,-8.46487,261
"2026","Oral Roberts",69.0481,169,67.0957,192,99.5624,318,100.261,321,117.769,339,116.381,310,-16.1195,333
"2026","Oregon",66.8167,268,65.3319,282,106.845,202,113.132,110,111.549,257,106.649,124,6.48275,105
"2026","Oregon St.",66.7259,274,65.3899,278,104.284,248,107.003,211,109.609,226,110.307,199,-3.3044,209
"2026","Pacific",66.3702,292,64.3047,324,109.021,162,111.671,126,104.778,102,106.052,110,5.61897,112
"2026","Penn",69.2928,153,68.9361,97,108.031,179,109.023,169,109.327,221,110.338,201,-1.31545,181
"2026","Penn St.",67.8625,226,67.1699,187,112.497,98,115.903,72,117.572,337,113.06,262,2.84321,134
"2026","Pepperdine",68.6836,191,66.9959,198,97.6395,337,101.976,295,111.716,261,110.625,214,-8.6487,264
"2026","Pittsburgh",65.0334,335,63.8234,335,108.084,178,113.29,108,108.855,208,106.213,116,7.07754,101
"2026","Portland",70.5749,90,69.1965,88,103.162,270,106.97,212,111.756,262,109.17,168,-2.20049,194
"2026","Portland St.",68.8272,184,67.5863,167,106.802,203,104.194,257,100.804,47,101.57,52,2.62342,137
"2026","Prairie View A&M",74.8514,8,72.4815,12,101.285,300,100.013,326,112.873,280,115.126,296,-15.113,326
"2026","Presbyterian",65.6708,316,63.7851,336,104.2,252,103.91,266,109.869,230,113.128,267,-9.21771,270
"2026","Princeton",65.3661,326,64.0772,327,103.93,256,105.086,246,109.737,227,110.265,198,-5.17955,224
"2026","Providence",72.8365,24,71.7197,18,117.26,51,122.325,26,113.756,296,110.201,195,12.1242,65
"2026","Purdue",66.8313,265,64.966,305,124.967,2,129.253,2,103.476,79,98.7178,26,30.5353,9
"2026","Purdue Fort Wayne",69.5202,140,67.9486,148,107.232,192,106.276,223,114.071,302,113.101,265,-6.82472,246
"2026","Queens",70.2039,109,69.059,92,118.794,35,115.493,76,119.041,348,118.296,336,-2.80359,203
"2026","Quinnipiac",70.9543,78,70.2769,44,106.415,212,105.557,237,103.215,75,107.905,136,-2.3475,195
"2026","Radford",72.708,27,70.9104,26,109.614,151,107.397,205,111.036,250,113.924,274,-6.52745,241
"2026","Rhode Island",65.9087,310,65.291,283,108.62,173,109.373,162,102.168,58,103.741,74,5.63271,111
"2026","Rice",66.6412,283,65.2445,288,106.45,210,108.948,171,114.285,305,114.639,286,-5.69146,230
"2026","Richmond",68.839,182,67.1752,186,112.369,100,111.857,121,107.713,167,109.837,184,2.02046,142
"2026","Rider",65.5881,320,65.0295,300,96.1335,344,98.0716,346,118.406,344,119.73,347,-21.6582,354
"2026","Robert Morris",66.7757,270,65.0409,299,111.892,105,108.728,176,111.131,253,112.109,241,-3.3801,210
"2026","Rutgers",66.1246,305,65.3929,277,104.261,251,110.216,146,113.694,294,109.798,182,0.417409,158
"2026","Sacramento St.",72.7227,26,71.8095,17,104.962,238,106.644,218,115.344,312,113.953,275,-7.30903,250
"2026","Sacred Heart",68.7909,187,68.7151,108,107.991,180,107.821,194,113.862,298,118.708,338,-10.8877,289
"2026","Saint Francis",70.2572,105,69.3157,85,97.54,338,98.4391,341,119.166,350,120.617,353,-22.1782,358
"2026","Saint Joseph's",69.2684,157,68.0174,145,104.949,240,106.075,229,104.257,91,104.397,82,1.67713,145
"2026","Saint Louis",72.9898,20,71.2918,23,124.086,4,121.938,30,95.7936,11,98.6623,24,23.2756,24
"2026","Saint Mary's",66.5739,287,64.9207,307,116.801,55,119.594,51,98.4173,24,99.2981,33,20.2955,34
"2026","Saint Peter's",65.6953,315,65.3943,276,105.539,226,104.059,260,104.234,90,110.635,215,-6.57624,242
"2026","Sam Houston St.",70.9469,79,70.2412,48,112.859,91,113.306,106,106.373,137,106.806,125,6.50052,104
"2026","Samford",68.1545,218,66.3497,233,110.705,123,109.281,163,113.608,290,115.475,304,-6.19307,235
"2026","San Diego",70.3023,103,69.7618,65,104.281,249,107.848,193,112.253,272,111.481,231,-3.63292,211
"2026","San Diego St.",69.5491,139,68.7103,109,108.701,169,113.897,95,98.6834,29,96.1753,16,17.7214,43
"2026","San Francisco",66.7546,271,65.3407,281,111.247,114,114.035,94,107.36,161,107.698,133,6.33692,106
"2026","San Jose St.",65.3296,331,63.5451,344,103.798,259,108.819,175,118.933,347,116.253,308,-7.43433,253
"2026","Santa Clara",70.4292,97,69.6093,73,117.791,45,120.427,44,100.58,43,101.106,49,19.3211,37
"2026","Seattle",69.6547,137,68.3266,125,101.476,297,102.137,290,99.3154,31,99.1636,31,2.97364,131
"2026","Seton Hall",66.8549,263,65.7196,265,106.955,196,110.013,151,96.5273,15,94.6626,12,15.3508,51
"2026","Siena",64.3469,350,64.3308,323,111.932,104,109.385,161,102.212,60,110.247,197,-0.861598,173
"2026","SIUE",65.8023,314,63.7447,338,102.489,278,99.7723,328,100.583,44,106.961,126,-7.18918,248
"2026","SMU",72.0595,36,68.757,106,118.413,39,123.227,21,107.572,164,104.297,80,18.9301,39
"2026","South Alabama",65.3461,330,64.4144,320,106.032,220,104.788,250,103.839,86,109.157,167,-4.36905,217
"2026","South Carolina",68.1405,220,66.2298,239,111.812,108,114.151,91,108.544,194,105.231,95,8.92005,88
"2026","South Carolina St.",70.4025,98,67.8699,151,94.3777,351,96.1157,350,118.409,345,119.255,345,-23.1397,359
"2026","South Dakota",72.2402,34,70.4192,37,108.701,170,107.039,210,114.623,307,117.327,323,-10.2883,284
"2026","South Dakota St.",68.6191,198,67.5906,166,108.8,167,108.842,174,108.721,200,112.029,238,-3.18675,208
"2026","South Florida",74.2849,10,72.1609,14,117.913,42,117.495,63,106.009,125,105.556,103,11.9387,67
"2026","Southeast Missouri",70.7667,83,69.6309,71,105.423,232,103.744,272,105.089,107,109.797,181,-6.05321,234
"2026","Southeastern Louisiana",66.0494,308,65.6332,269,96.7562,342,99.058,336,108.273,184,109.056,165,-9.9979,281
"2026","Southern",71.9703,39,70.3359,40,102.561,276,103.249,283,113.796,297,112.549,251,-9.30025,273
"2026","Southern Illinois",70.24,106,69.3503,81,102.337,284,104.864,249,100.896,49,100.708,43,4.15679,118
"2026","Southern Indiana",69.5802,138,68.2605,131,93.7971,358,93.0867,362,104.632,99,110.187,193,-17.1003,338
"2026","Southern Miss",68.9482,176,68.0685,142,104.143,255,104.134,259,107.533,162,110.552,212,-6.41765,239
"2026","Southern Utah",71.3484,60,70.2708,46,99.3575,320,104.026,261,115.118,311,113.626,270,-9.60064,275
"2026","St. Bonaventure",67.8367,227,66.6711,216,112.703,92,113.556,102,110.736,244,111.697,235,1.85889,144
"2026","St. John's",71.9443,41,69.7659,64,117.616,47,122.277,27,100.077,37,97.332,18,24.9447,20
"2026","St. Thomas",70.0574,118,68.1152,138,115.967,63,112.994,112,105.93,122,108.489,151,4.50547,117
"2026","Stanford",68.8902,181,67.1668,188,108.887,163,114.141,92,106.303,130,104.062,76,10.0796,79
"2026","Stephen F. Austin",66.7095,275,66.013,247,113.279,85,111.293,132,97.3845,19,102.294,58,8.99834,87
"2026","Stetson",68.6362,195,66.8404,206,101.033,304,101.573,298,117.657,338,117.348,324,-15.7752,330
"2026","Stonehill",66.707,276,66.0825,244,93.2052,360,91.4191,363,103.918,87,108.766,160,-17.3469,341
"2026","Stony Brook",66.2308,296,65.3718,280,105.499,229,106.121,227,107.544,163,110.383,204,-4.26199,216
"2026","Syracuse",68.6053,199,68.1311,134,109.61,152,114.927,80,101.851,55,103.056,68,11.8707,68
"2026","Tarleton St.",71.3019,62,70.1875,50,102.662,275,105.497,238,106.513,140,108.584,155,-3.08708,207
"2026","TCU",70.1066,117,67.8105,155,110.719,122,112.893,113,100.536,42,98.9297,29,13.9638,53
"2026","Temple",65.5655,323,65.0017,302,112.504,97,112.588,115,107.82,170,111.113,224,1.47484,146
"2026","Tennessee",68.4772,204,65.5531,270,118.467,38,121.481,34,100.468,40,95.9786,14,25.5026,16
"2026","Tennessee Martin",66.8268,267,64.5423,319,105.733,223,103.766,271,96.8103,18,105.574,104,-1.80777,188
"2026","Tennessee St.",71.4712,55,70.668,32,107.441,187,106.81,213,107.978,178,114.178,281,-7.36723,251
"2026","Tennessee Tech",69.1887,164,67.2371,183,104.194,253,103.733,273,112.974,282,117.698,329,-13.9648,316
"2026","Texas",68.9107,178,66.8096,209,120.798,21,125.775,9,108.055,180,105.276,97,20.4992,33
"2026","Texas A&M",74.1623,11,71.0886,24,122.016,14,121.619,32,103.448,78,99.8336,39,21.7856,29
"2026","Texas A&M Corpus Chris",67.0072,256,65.7611,262,99.8107,317,102.105,292,103.795,84,104.98,92,-2.87553,204
"2026","Texas Southern",71.7727,45,69.3443,84,101.795,294,103.324,280,116.378,328,117.112,321,-13.7887,313
"2026","Texas St.",68.4121,207,66.7452,212,102.421,281,101.462,303,105.624,116,110.311,200,-8.8482,266
"2026","Texas Tech",69.7205,134,67.6993,161,118.841,34,124.24,15,106.43,139,99.7081,37,24.5323,21
"2026","The Citadel",64.5034,345,63.9498,332,101.445,298,99.4797,330,118.299,343,119.135,344,-19.6552,350
"2026","Toledo",70.3601,101,68.3163,127,112.862,90,113.258,109,112.299,273,112.353,245,0.905632,152
"2026","Towson",64.6403,342,63.6852,340,103.732,260,105.188,245,104.317,94,105.067,94,0.120906,162
"2026","Troy",68.2243,217,65.8382,253,111.89,106,111.562,128,106.825,152,109.602,177,1.9596,143
"2026","Tulane",68.0508,222,66.4499,225,107.169,193,109.548,159,108.907,214,111.506,234,-1.95802,191
"2026","Tulsa",69.2685,156,68.3939,124,123.832,5,122.625,23,106.326,133,109.07,166,13.555,55
"2026","UAB",71.6012,48,69.5685,74,110.449,130,111.211,135,105.051,106,107.968,139,3.24288,126
"2026","UC Davis",71.2726,64,69.0585,93,109.423,154,110.21,147,108.871,209,110.061,189,0.148119,161
"2026","UC Irvine",70.2317,108,68.1285,135,102.421,280,103.909,267,95.9456,12,98.882,27,5.02657,115
"2026","UC Riverside",70.5716,92,67.5306,171,99.824,316,103.697,274,112.688,274,112.762,255,-9.06526,268
"2026","UC San Diego",69.6864,135,67.5116,172,108.636,172,109.386,160,102.895,69,105.365,100,4.02096,119
"2026","UC Santa Barbara",66.6759,278,63.7232,339,115.812,64,115.243,79,109.184,219,111.488,232,3.75489,122
"2026","UCF",71.1051,71,68.6349,112,116.463,58,121.363,36,108.662,196,104.518,85,16.8455,45
"2026","UCLA",66.672,280,65.0575,297,117.066,53,120.136,46,103.53,82,100.774,45,19.362,36
"2026","UMass Lowell",69.7548,132,69.2716,87,100.249,312,100.904,313,113.752,295,116.653,315,-15.7486,329
"2026","UMBC",66.6747,279,65.9135,252,108.72,168,105.037,248,105.372,114,112.856,256,-7.81909,257
"2026","UNC Asheville",67.5806,235,65.2728,284,106.294,215,105.832,234,108.51,191,110.612,213,-4.78067,221
"2026","UNC Greensboro",68.5429,201,66.8567,204,107.843,182,106.528,221,119.454,355,120.118,350,-13.5898,311
"2026","UNC Wilmington",66.1554,300,64.6182,317,114.115,77,113.444,104,102.376,66,108.541,154,4.90299,116
"2026","UNLV",71.8259,43,70.4115,38,108.553,176,112.602,114,110.761,245,109.959,187,2.64256,136
"2026","USC",71.3471,61,69.923,56,110.506,129,116.012,70,104.231,89,100.35,41,15.6615,49
"2026","USC Upstate",69.3417,150,67.8812,150,100.271,311,99.4481,331,107.846,172,110.923,221,-11.4751,295
"2026","UT Arlington",67.461,240,65.5164,273,102.033,290,104.252,256,99.828,36,102.801,67,1.45114,147
"2026","UT Rio Grande Valley",67.2637,247,66.6877,214,106.424,211,107.564,202,105.124,108,107.067,127,0.497345,156
"2026","Utah",70.1996,111,67.3803,178,111.624,111,114.86,81,114.818,309,111.18,228,3.67962,124
"2026","Utah St.",68.4283,206,68.1259,136,120.504,24,121.211,37,99.6364,35,98.6768,25,22.5346,26
"2026","Utah Tech",68.5242,202,66.1909,241,105.629,224,108.359,181,109.015,216,110.891,220,-2.53195,197
"2026","Utah Valley",70.8111,82,69.6697,68,109.78,149,111.138,136,99.542,34,103.098,70,8.04044,93
"2026","UTEP",65.6698,317,64.8014,313,98.5627,328,101.205,310,108.829,205,110.923,222,-9.71863,278
"2026","UTSA",69.8737,127,68.1981,132,94.8751,349,98.6203,339,119.272,352,117.727,330,-19.1064,348
"2026","Valparaiso",66.6434,282,65.1011,295,103.84,258,106.803,214,104.57,98,105.62,105,1.18263,150
"2026","Vanderbilt",72.4343,31,70.0764,53,122.006,15,124.388,14,100.335,39,96.6759,17,27.7126,13
"2026","VCU",69.9951,121,68.6833,111,119.371,30,120.063,48,104.341,95,104.492,84,15.5711,50
"2026","Vermont",64.4567,346,64.7409,314,110.815,119,108.904,173,108.773,202,114.395,284,-5.49153,228
"2026","Villanova",65.3482,329,63.2598,351,117.898,43,121.735,31,103.828,85,99.8079,38,21.927,28
"2026","Virginia",66.4333,289,65.4645,275,122.481,9,123.666,17,99.5058,33,98.1819,22,25.4844,17
"2026","Virginia Tech",68.7051,190,67.556,170,112.684,93,115.304,78,104.738,100,102.324,60,12.9796,61
"2026","VMI",67.6333,233,66.4506,224,100.305,310,99.4396,332,122.04,360,123.031,361,-23.5912,360
"2026","Wagner",65.2395,332,64.9315,306,106.242,216,103.685,275,113.293,288,118.843,339,-15.1583,327
"2026","Wake Forest",71.4321,57,68.9369,96,110.955,117,114.318,85,107.824,171,104.074,77,10.2434,78
"2026","Washington",68.4059,210,66.8406,205,113.104,89,118.453,58,106.707,146,101.597,53,16.8558,44
"2026","Washington St.",68.9031,179,67.2317,184,110.64,126,114.077,93,111.051,251,111.123,225,2.95386,132
"2026","Weber St.",71.1297,70,69.3466,83,110.641,125,110,152,112.133,271,115.004,293,-5.00403,223
"2026","West Georgia",70.2013,110,68.5924,115,103.723,261,100.659,317,115.552,313,116.404,311,-15.7447,328
"2026","West Virginia",63.8705,357,62.1078,362,108.833,165,111.755,124,98.0197,22,98.9326,30,12.8223,62
"2026","Western Carolina",69.7676,130,68.3246,126,107.392,189,108.27,185,117.892,341,117.737,331,-9.46721,274
"2026","Western Illinois",66.9849,258,65.7999,258,94.2362,353,94.7036,358,117.051,333,119.897,348,-25.1933,361
"2026","Western Kentucky",70.9638,77,69.4174,78,104.951,239,105.474,239,105.994,124,106.46,121,-0.986326,174
"2026","Western Michigan",69.3681,149,67.4086,175,106.658,207,108.241,188,116.682,330,117.88,333,-9.63893,277
"2026","Wichita St.",66.611,285,65.6348,268,113.135,88,113.303,107,103.484,81,105.439,101,7.86479,95
"2026","William & Mary",74.2851,9,73.0049,7,110.185,138,111.552,129,105.918,121,108.451,149,3.10135,128
"2026","Winthrop",70.5804,89,68.2991,128,114.926,71,114.422,83,108.731,201,110.451,206,3.97061,120
"2026","Wisconsin",70.5589,93,69.6242,72,117.388,49,121.173,38,105.89,120,102.379,62,18.7945,40
"2026","Wofford",68.6227,196,67.5617,169,113.792,80,110.441,141,112.833,278,114.109,279,-3.66825,212
"2026","Wright St.",68.6506,194,66.6372,219,114.326,74,111.856,122,108.683,197,109.342,171,2.51384,140
"2026","Wyoming",68.3574,213,66.2345,238,111.827,107,113.036,111,106.393,138,106.449,120,6.58743,102
"2026","Xavier",71.7283,47,70.334,41,106.871,200,113.61,100,108.344,186,106.311,118,7.29934,100
"2026","Yale",66.534,288,65.0472,298,123.161,6,121.939,29,109.552,225,110.719,218,11.2195,73
"2026","Youngstown St.",68.7616,188,66.6323,220,110.84,118,107.661,199,108.239,183,110.074,190,-2.41301,196
